"","ID","Species","muscle","x1","x2","x3","x4","y1","y2","y3","y4"
"1",1012,"mabdita","1",-6.21995677887679,-2.76288813424854,135.61334205099,123.00114928646,0.71519425348149,479.91731501588,507.222276312639,0.396339355703412
"2",1012,"mabdita","2",138.034391878293,185.971088575987,224.875493870792,198.481443636835,11.230566970453,496.451106756237,497.571022444474,10.8846052699642
"3",1012,"mabdita","3",332.098578965029,238.23304341479,279.810652926494,377.058095908842,0.568851138342069,492.485930717569,505.301935731916,10.932881267478
"4",1012,"mabdita","4",375.809387744426,404.931580882921,481.825874513282,440.03003128392,4.52241296635641,484.830272202931,489.65934843193,-2.38051828589698
"5",1012,"mabdita","5",345.091712003442,687.439144007031,839.07541052986,432.073453978735,-24.6124282086063,485.835421862369,488.921991090557,-23.4694522969812
"6",1012,"mabdita","6",735.468339834793,761.989738417221,867.839755759172,887.389495923858,-11.059339316763,503.888317982522,500.987313875881,-0.794853291399028
"7",1012,"mabdita","7",900.443300245191,906.640914748441,987.712590634007,985.248358796351,0.277053705437433,481.758780907742,487.19300917658,-5.78575948003416
"8",1012,"mabdita","12",570.136497866771,577.427688880535,679.632968510793,687.336487331272,-9.62227902865188,499.05531531251,506.14544872003,-10.6409784432454
"9",1012,"mabdita","13",673.366924937478,665.820844659432,769.753279936586,775.209153850662,-2.30551649629097,499.004089724366,501.128659888457,-15.1946690663241
"10",1012,"mabdita","16",977.688012955345,1349.25398281664,1418.19569466162,1032.82879177685,5.50774393922668,577.802078272133,562.989771320104,-1.87246644323181
"11",1013,"mabdita","1",1.75029993436434,-2.46218192606096,90.9340654112576,80.6854373010747,7.48730844785385,494.499276669863,492.629257657737,6.28604135415316
"12",1013,"mabdita","2",82.0609231188838,131.492272335705,216.279376752615,121.867674776398,13.0891205246275,507.673600600905,525.826366787461,3.012823527438
"13",1013,"mabdita","3",260.868403213238,210.823739670897,257.679659531542,294.4528250864,1.98995730652974,502.241997345878,526.330087424484,-1.5429058994821
"14",1013,"mabdita","4",304.547322176925,319.15268271077,388.460568449482,357.438394435472,-13.8978551956995,478.267475280695,487.210073138355,-23.7437965248723
"15",1013,"mabdita","5",247.940715488411,651.761488157063,811.053093022112,334.337111839847,-21.3034797530571,476.392419173033,496.99398669109,-66.8770324924739
"16",1013,"mabdita","6",807.780009796931,764.746433365646,926.698305713389,905.248772415986,21.1706753218486,468.316040768101,522.741591187276,13.6693226127508
"17",1013,"mabdita","7",916.447091447958,932.708478251136,1017.05697181438,986.785071151775,21.1115059292411,527.902081529296,544.507252647029,11.1549893122374
"18",1013,"mabdita","8",320.711215089257,301.916447765093,711.613988989093,712.128520579103,490.408140957049,539.094419275924,521.334972256975,472.58843170958
"19",1013,"mabdita","12",583.893056954899,545.630808548351,661.216349161883,705.507116185196,-63.0048347996583,476.990722572558,500.269412870875,-61.3496540576563
"20",1013,"mabdita","13",713.443783145942,645.793397250295,767.138314414293,805.950710890684,-65.7960601680701,496.826769401918,507.592575671105,-60.3587179061389
"21",1013,"mabdita","16",1007.4414868317,1627.47695185981,1740.55178212604,1030.28733755519,32.763973699718,755.016660110087,736.980759874521,3.85657934689431
"22",1014,"mabdita","1",18.8740330336052,-27.536597872968,104.00629133978,115.643971112273,9.9589942766224,478.909532196411,497.527330691762,15.267065315675
"23",1014,"mabdita","2",149.547264692016,136.66136321345,193.238850353475,195.874307662987,28.5167649162864,514.690558422757,514.875460490133,27.4405637647292
"24",1014,"mabdita","3",353.181942376064,164.704323470623,249.482042110292,418.12562979247,51.2601631631746,518.814447378121,525.095346800176,55.0236567045716
"25",1014,"mabdita","4",415.069169190576,374.986150357527,425.165466926099,474.093351570168,54.9502987667971,501.461490299328,503.656272058781,60.7495948324529
"26",1014,"mabdita","5",400.909611504608,713.467318708044,792.669435511881,492.638006709813,59.0075902426233,459.152351242353,483.381301992334,50.2360946075098
"27",1014,"mabdita","6",797.872251527034,802.452218523037,896.761813228408,862.082801034221,14.1911775812717,489.346984756407,497.61974003154,11.5240909147603
"28",1014,"mabdita","7",890.687215789866,905.137509086584,1001.27778453123,1006.72093136943,7.92845855044389,497.654647816495,478.510136309516,-10.6845087063213
"29",1014,"mabdita","8",355.19721331528,336.585302947071,805.70838004493,732.394661659796,493.353657049294,521.344733538182,491.332639211386,467.220304460764
"30",1014,"mabdita","12",664.07406754653,643.375835994744,718.07687406351,733.303476886534,-53.4432734891217,464.732606031428,479.057914817722,-38.127906255396
"31",1014,"mabdita","13",737.745801140418,723.306129900465,787.90322777054,796.415517170855,-31.369181140449,477.100466643573,487.307727319458,-20.9045673963645
"32",1014,"mabdita","16",897.447146517574,1197.6521576802,1256.79157780933,981.200225084379,12.4608351590909,518.158004597569,516.43191037444,8.17504501304685
"33",1015,"mabdita","1",38.2955307055883,19.6154972704807,82.8091226941788,169.196558590227,15.7619249974598,443.310312552756,477.03875080997,13.7955408533309
"34",1015,"mabdita","2",210.795343724834,164.265762093151,225.692275430792,265.117737045243,23.6230137343748,523.359135979482,531.418926014095,26.5606538335194
"35",1015,"mabdita","3",470.433433573255,238.591442444021,283.081863190746,517.705732116791,47.9315029148372,524.308278495553,542.787812580144,43.1529292691118
"36",1015,"mabdita","4",508.888634626293,387.158942679315,472.686068468646,559.352731636598,63.7096347880632,526.205492625501,514.441242578091,52.983323007681
"37",1015,"mabdita","5",483.424642581299,724.68812504708,848.693898083844,564.182051357353,94.4227826568353,482.522383017502,417.947141764993,35.6481890656477
"38",1015,"mabdita","6",807.879133373984,767.658224308482,889.412702470958,896.53480104766,39.0644888952686,512.634994231259,491.332085512641,10.4622874850187
"39",1015,"mabdita","7",919.333113978363,898.778199752904,990.050033531903,1012.49511221329,22.1722890997747,438.591443511232,432.003902411601,-6.86341359470064
"40",1015,"mabdita","8",387.926433232321,393.881482119583,829.764620482675,781.1955162107,529.012009635059,568.848603949437,506.177317469248,473.780591809112
"41",1015,"mabdita","12",631.827689806691,607.784425344736,683.309794890812,732.454667306532,34.4227552583182,451.494158295293,475.301864913333,29.8591187422924
"42",1015,"mabdita","13",730.085243404879,706.368930517629,794.725367401813,821.24970246898,38.5172653136967,487.30290018079,486.768829115854,51.7501575546795
"43",1015,"mabdita","16",1000.00000000004,1494.66225605527,1546.98060074245,1038.27127868205,-1.08540611091115e-11,578.314954511314,572.831635190814,-17.8642589360795
"44",1016,"mabdita","1",-21.7100858406933,11.7915824214049,132.578586401097,102.384514457929,6.47622611688674,491.076872666568,489.506091258043,-10.0607781574514
"45",1016,"mabdita","2",131.018773453184,150.8751077904,243.584839246997,182.736090962386,3.97606117016467,502.635979283925,494.615741805458,22.734035249653
"46",1016,"mabdita","4",387.157542578579,350.226168596424,472.691111440956,473.565363886437,0.621105757461635,470.839620204201,478.765467159971,1.358701199246
"47",1016,"mabdita","5",383.116599606237,640.80955709521,808.398786219067,474.856916664558,-1.61586639919766,485.079875212238,463.063445535131,-13.6102058642233
"48",1016,"mabdita","6",734.977461463565,719.611408707901,841.772641236988,874.864712556117,56.7732622341542,487.319242867168,504.080445150363,24.3691207965146
"49",1016,"mabdita","7",879.63592018848,867.87339470649,971.698878172965,999.999999999981,30.1511734417996,509.487052779244,504.710255217166,3.1960426577061e-12
"50",1016,"mabdita","8",403.243662652174,385.621520884968,688.765676530303,564.026003070135,458.664116723586,510.660077619888,498.517075272164,433.21160855257
"51",1016,"mabdita","12",585.985241648575,517.603681480777,623.223062003133,675.167544991333,62.3252230526223,433.158449426883,463.958686369204,71.311877345223
"52",1016,"mabdita","13",647.098217889408,594.627988333538,708.759505339089,747.417036261792,62.8556774382089,462.482655656406,497.518308888776,86.5432507754279
"53",1016,"mabdita","16",975.017690309999,1353.59884133922,1513.40087258256,1042.44890214538,39.791124008674,688.561628817214,687.02642184154,23.932438466466
"54",1017,"mabdita","1",5.10282595048611,13.8138433110783,139.495589278896,148.169969980873,4.77408193811025,491.969275612817,494.103488910858,9.28768554987455
"55",1017,"mabdita","2",168.472372678754,155.931066893801,233.473674510446,240.828367959228,23.5178332654189,457.658344236073,455.726107421122,28.3242663126361
"56",1017,"mabdita","3",494.697639272748,257.777496490978,336.457720587559,526.339843325708,49.1985824256671,455.120495345153,460.91895134801,73.4028982221763
"57",1017,"mabdita","4",484.490443914925,430.042398731101,533.564399750863,573.006023296243,44.5101462758276,463.796830260491,461.255956094259,48.8826076861552
"58",1017,"mabdita","7",916.50051692725,871.637190388532,1003.04474691134,1025.91442467177,15.905697063492,487.158123757316,481.417571255094,6.72999513218405
"59",1017,"mabdita","8",430.982195904668,494.184343406243,784.543397305826,779.150900828982,474.156946669617,516.911089625101,523.400090125697,470.962022640509
"60",1017,"mabdita","12",622.979739563173,582.8284776571,708.792163237972,754.895132863445,57.2331604949131,457.440724924457,470.039189969834,42.268605643074
"61",1017,"mabdita","13",700.62175020333,698.279961199019,793.667044487251,780.41736681249,44.2421392133525,465.059904805957,465.363728891713,49.0001589900641
"62",1017,"mabdita","16",998.434236236235,1433.43508948537,1505.72783272459,1004.71918590387,30.8445798029763,581.305066317161,571.723301698305,-2.73930165055726
"63",1018,"mabdita","1",13.8508678808774,-3.70606834299524,164.706440734691,129.336286633151,5.46655765257145,510.427287398862,520.274896294822,10.3753602240196
"64",1018,"mabdita","2",157.453926435134,164.689591754907,255.264486619737,228.230602208039,18.977898198045,522.807117345228,533.579810516894,15.0937278909145
"65",1018,"mabdita","3",399.701597811325,288.081611567284,353.905718266124,446.417764544076,11.0571351873544,514.873038407809,533.456944819206,-11.7927742196759
"66",1018,"mabdita","4",457.344402383634,460.309424506469,530.587898268966,548.034627011855,3.98863469809997,468.624954590997,468.831078737229,7.61642432937218
"67",1018,"mabdita","5",457.360018088681,710.098741482502,784.262942235751,544.399712126273,6.43570707231665,480.750582553393,416.130596934796,8.06028419501389
"68",1018,"mabdita","6",746.374035753968,774.321660772391,895.651004179795,895.321901459285,18.125869375543,484.369391385833,471.677172220464,20.1134121563195
"69",1018,"mabdita","7",925.081614962295,907.620649883756,1007.68498595259,1000.46296509547,11.5284779578133,491.269395123075,499.206457829817,15.008910932793
"70",1018,"mabdita","8",456.735032283207,453.342053112927,744.832640999672,762.744317375123,486.881373859914,535.897598211837,523.751249115831,472.636858457151
"71",1018,"mabdita","12",625.062578839196,593.876251934356,683.739051740595,713.143089339966,32.7929065294035,474.955681832802,478.357176524346,19.6623227748199
"72",1018,"mabdita","13",724.37786861547,672.495175021746,766.720913316904,817.191909478948,28.2353784634042,479.539455758207,482.574256102598,32.0008730824723
"73",1018,"mabdita","16",917.806341332597,1242.5845389375,1373.16612256797,988.803050059805,19.9143999592915,631.882714154908,624.479013133689,3.85731444476217
"74",1019,"mabdita","1",-0.147358068788465,-2.21274825577835,133.237386748283,82.9090246820579,4.30059205449442,479.062189902096,511.437033750736,5.66113773879102
"75",1019,"mabdita","2",120.482625934588,157.928223125348,205.006734080481,158.838208152476,4.74642071310472,517.338555902602,515.686353306282,10.5640094769243
"76",1019,"mabdita","3",288.532640135932,217.646312935893,269.291771773293,348.343209192317,33.2464812534152,510.066643334836,510.519852360729,20.0060065943379
"77",1019,"mabdita","4",327.962785938193,364.827538493948,419.087969836995,383.250242936235,40.6163159108015,484.04569666438,472.325804509932,36.3731916973532
"78",1019,"mabdita","5",337.778536608375,765.873208405828,893.009022794735,371.106002240088,54.7255866918367,524.612979455036,459.238144228498,-13.3421280867634
"79",1019,"mabdita","7",952.913305405846,952.033815984136,1007.19055385584,997.234570907667,9.95370627115832,478.089187866728,467.269063578603,6.55345941877017
"80",1019,"mabdita","8",351.293343873829,357.114078129759,824.736918620629,622.0336930604,484.010693481771,536.617208990158,533.488262401396,434.71030532396
"81",1019,"mabdita","12",612.997819964335,630.308079133683,710.092325192915,714.624651139913,22.7202842767059,476.962129740596,496.042734651218,9.63524073619474
"82",1019,"mabdita","13",718.492808495743,729.436023604259,814.934164619544,814.213741427531,11.2256627268629,492.150597374391,494.934343951651,3.2982095069883
"83",1019,"mabdita","16",986.827893382363,1597.46043909664,1691.84336829947,1022.12438032922,22.1406398176606,525.463722755519,509.38383214653,7.21038901048899
"84",1020,"mabdita","1",6.28390983723151,1.49308494877886,113.05305623567,130.238137316099,8.70778027795547,492.348523718682,519.955832616105,29.4685039875958
"85",1020,"mabdita","2",152.257291654038,116.612060032278,172.200500169866,200.349813174446,33.8912734197309,528.245167547363,542.230937117672,27.4510889893607
"86",1020,"mabdita","3",344.571582758131,189.438348650136,228.13644664048,401.143999282783,77.6791717921215,534.554149689646,553.158390662914,75.2198712005105
"87",1020,"mabdita","4",384.463276312442,321.07597424184,374.777337459909,442.313007677065,79.6680159813218,553.678447263865,549.73299508403,84.3200712292485
"88",1020,"mabdita","5",390.01449231015,655.368152875785,824.488621177072,499.614302322214,78.1877076930503,525.65822055344,541.047570826446,74.7178040614949
"89",1020,"mabdita","6",788.861818237201,805.752065009382,892.608505320212,898.087445512318,40.6126638955563,535.683591190086,544.427142347468,47.1829947047656
"90",1020,"mabdita","7",901.20477063777,889.087007861585,993.55606643306,980.018089647532,45.4350641021056,538.813319618939,499.391963983622,-0.744368947190567
"91",1020,"mabdita","8",298.297563787468,278.214761699049,786.26100991162,590.530493124831,541.493769736748,576.354842068596,557.921401621615,517.400947222307
"92",1020,"mabdita","12",594.371033366461,583.437598947521,666.785316718724,695.131024335234,72.1006669356139,503.153355831868,521.694267329861,76.9065686759344
"93",1020,"mabdita","13",702.284074490108,690.332064456084,812.172154105869,802.69545652434,51.5962093482409,520.639466750033,539.802720462023,56.0809535605272
"94",1020,"mabdita","16",998.514398374488,1315.69475994661,1556.57013851083,1055.89865317564,-23.0926411838936,566.761644447616,586.684984300357,-73.54652827376
"95",1021,"mabdita","1",-0.0616316599789167,-6.36708709602804,134.334869757329,122.233649552463,9.60820206800832,492.944110347543,535.201088450983,20.3642558800219
"96",1021,"mabdita","2",153.127792672207,131.397246687283,209.997856945679,217.15633572712,51.3879030747602,509.94899206143,509.934480216389,42.413801368648
"97",1021,"mabdita","4",381.984966907639,358.874003763854,421.610940386882,456.318201284319,81.5558129712272,530.440125087517,531.802949421735,46.7198257491597
"98",1021,"mabdita","5",393.569060948814,667.047262335003,803.703381698939,535.483106738752,76.2588229670494,531.397268060848,539.200575660144,42.2416775839712
"99",1021,"mabdita","6",785.274253770993,773.523958309235,892.728407938675,887.09718823635,47.1783688531235,547.674675223701,559.869769553097,42.150709384604
"100",1021,"mabdita","7",882.810109614878,897.877105245505,1008.82841626734,1008.64664814873,39.4771575559475,549.781086797837,503.099640581225,8.26464240415573
"101",1021,"mabdita","8",325.950172973092,324.146843432498,780.714416476673,564.162359514055,537.901791340249,594.124254440588,565.92988863121,513.18834449461
"102",1021,"mabdita","12",595.513824158559,544.278960919945,658.813355701817,712.247077782007,54.0253746513222,519.472312583752,533.430426056648,48.7965898829486
"103",1021,"mabdita","13",724.680045788849,655.065340271469,773.184091447054,828.862423538106,53.9179518746305,528.210443516403,552.74791765885,48.9572407373869
"104",1021,"mabdita","16",1009.11236283984,1479.22982358295,1625.77177901705,1079.56173533213,2.57679759579359,793.794588455675,809.585563609431,6.31792533725646
"105",1022,"mabdita","1",17.1259604097885,-1.1094315171226,56.7834256411334,106.199564436197,6.32977428867633,494.925469716463,513.360437442207,33.2074189608691
"106",1022,"mabdita","2",131.104905177677,24.0710566809068,73.076116872435,178.754185062633,37.5594730765234,522.352924971151,534.971113339995,53.9257113533486
"107",1022,"mabdita","3",334.720349244561,181.617040988033,236.308597569729,380.757412438964,99.1977799369572,513.831424210109,529.571237093561,102.610537881211
"108",1022,"mabdita","4",352.543246917009,242.963490363996,286.97227288891,418.963189335973,105.759937890432,505.036250733418,524.732095539652,87.0011080227516
"109",1022,"mabdita","5",367.346005372656,741.480916368891,838.919919153424,440.349889212726,77.9841721288577,509.01424251693,502.859575114452,9.1359880926496
"110",1022,"mabdita","6",822.130011385231,845.031996021893,915.971121011571,909.324484533873,26.7362858275638,490.249088385391,497.158021921127,18.8658561443281
"111",1022,"mabdita","7",911.52143579465,929.886027563066,1019.11519795356,991.937431179708,29.9813705032713,501.171185922675,507.203473881532,5.00480525135087
"112",1022,"mabdita","8",261.210624794195,273.527106646761,836.607482239732,825.708929576689,534.688394717725,573.801202366435,534.271861191403,501.561430839035
"113",1022,"mabdita","12",600.741397890473,617.329359228864,716.50523721428,694.138032350844,6.53886306451536,460.259048923062,490.830807877659,20.8666081284425
"114",1022,"mabdita","13",720.000979974469,742.024193882942,822.456376905305,808.677589898104,19.8968757637258,511.688145022962,485.410651237731,47.5996790949208
"115",1022,"mabdita","16",990.293372055888,1629.72683491541,1706.37304152805,1028.30977722726,-3.38827440196608,671.945753375368,671.591639054235,-17.5731736235536
"116",1023,"mabdita","1",2.47113840029396,3.26057669546323,79.7352536429951,96.147707225136,-5.82132729384563,499.746346239819,500.806830102863,-2.39186022189547
"117",1023,"mabdita","2",100.450488935507,101.77549489749,132.504043321577,147.885358036386,-1.34237392299204,492.082462893589,494.505293123303,-15.4487269390642
"118",1023,"mabdita","3",280.772383833049,164.778936721824,200.740108729962,335.593351735241,72.3643692492322,499.41971305633,516.766360347908,96.6234351537106
"119",1023,"mabdita","4",337.814722942068,293.040323998266,358.955198917229,386.481675989857,47.626794589061,471.962065992464,472.075388974253,54.0817304230744
"120",1023,"mabdita","5",361.342238566687,674.376456028529,763.742218645287,445.373461945551,72.5866061440517,525.200068648937,447.063654757993,19.6935603496014
"121",1023,"mabdita","6",710.195677352953,742.615485488672,871.141467294126,840.014422929033,-89.997480268196,506.216286168949,489.525940645027,-54.1731078402762
"122",1023,"mabdita","7",846.151349240586,873.358199317452,990.947710036174,1017.7058283962,-27.4405396445406,482.677449536093,514.463943744876,18.3406002405095
"123",1023,"mabdita","8",271.891916352038,276.158826548871,726.501896613402,725.25919766979,499.546635757423,530.24603450383,554.376104831878,503.946295517868
"124",1023,"mabdita","12",563.923864539129,573.396484816768,653.94596995198,644.962161650754,-30.1356686724189,485.224962105837,504.641322268876,-21.0147758680544
"125",1023,"mabdita","16",1000.64078076632,1469.48558444298,1645.96736419677,1093.15411642659,40.7866543821002,790.373585264392,849.85966789334,5.11358394736092
"126",1024,"mabdita","1",-0.279094869750494,-0.560545504230569,143.610794944765,122.417435639072,-2.07517274154798,495.740704426589,531.627818417331,-14.5574637472625
"127",1024,"mabdita","2",136.074837920574,155.517638343336,211.801247545543,191.740146478336,14.7992474849978,531.814950348917,554.270264825815,13.7426167842587
"128",1024,"mabdita","3",348.088726855555,245.1225000553,285.887115039872,391.644089890002,-19.1546009152578,527.787267405987,548.964717397524,-15.4045443333226
"129",1024,"mabdita","4",404.160333590833,359.644828868122,405.544070805554,472.352102569817,-4.70661733303442,486.604141297882,490.559165477748,-12.3370270373969
"130",1024,"mabdita","5",386.798711057139,631.586765886375,749.480203339329,482.90788290389,-11.5951688528375,540.288956794374,472.45902873247,-108.059779246836
"131",1024,"mabdita","6",783.892687128205,766.826832823843,929.372418477192,912.737365848928,26.0795890099116,501.06513614631,510.653608769194,78.632943008987
"132",1024,"mabdita","7",925.583778958218,942.209774075733,1002.00717641999,980.140968079725,53.9433210955712,505.993413882829,491.424360743451,7.76717322970425
"133",1024,"mabdita","8",327.172564498326,313.36696417771,647.325906709928,530.842713348067,497.090915232362,544.42978183493,601.787583971952,493.614141203165
"134",1024,"mabdita","12",604.821677364549,573.923529589951,689.982349415788,693.60171393015,-20.3154404711394,473.80003002197,508.064908965079,-19.6391095287664
"135",1024,"mabdita","13",698.207925573713,687.552200566893,767.668192628845,767.31097281554,-10.6497061108785,492.987023046229,506.179146009621,4.33961685297589
"136",1024,"mabdita","16",927.391523352438,1359.89442863781,1419.10522131828,948.920673767333,64.2916427256877,534.591321365074,523.670934148786,29.2208550243739
"137",1025,"mabdita","1",4.13274712690421,3.33830017536004,161.998561017943,158.227500417763,3.76684052065899,501.725489285512,526.232301184375,20.0372869244834
"138",1025,"mabdita","2",169.767188679386,167.482208221405,231.401367136057,234.84366066248,38.2629508514787,505.853071885365,513.447754860452,47.4347552259426
"139",1025,"mabdita","3",348.407669662468,279.197719388851,316.276593254846,380.850417283518,55.1919893896179,514.199031084841,517.75991214958,55.5952738771732
"140",1025,"mabdita","4",393.289527141688,444.067451517807,517.594577821535,464.394456674717,65.2104389331877,482.159791841754,474.831354243021,49.6885385172935
"141",1025,"mabdita","5",410.372008369855,662.29599723235,782.47737538362,498.307198196793,56.393443383091,496.404966412016,473.200051653991,52.2635056158477
"142",1025,"mabdita","6",803.750518532737,749.111136890224,904.317975844433,922.610478440943,19.2943288678632,511.926245469068,508.348008602354,16.5712571996596
"143",1025,"mabdita","7",938.022306159991,906.183179692665,1009.89721766456,989.694201649899,19.4486723921403,488.645409824652,497.16157700866,3.65059605427669
"144",1025,"mabdita","8",444.478734236753,437.729675494749,738.253777870576,593.065538117722,494.577269592834,536.292947301365,521.154084673645,469.441271589943
"145",1025,"mabdita","13",731.546968590996,658.69037396455,743.118088771675,794.520315305525,28.1559175944985,507.238834942346,514.448968956217,25.1051733093919
"146",1025,"mabdita","16",993.656381060295,1298.50533842189,1369.22223212607,1002.73513373315,19.8883292675214,561.965810672555,558.041347006054,-19.529528376632
"147",1026,"mabdita","1",6.34185994644361,5.9868663229263,135.338434534508,132.825363596333,-0.519160892741489,499.923518619542,555.137939643999,14.7372769574923
"148",1026,"mabdita","2",163.315242899114,148.042171346863,206.284471349321,212.132750601163,15.5516610950121,535.22185632539,563.325518849185,-4.40435183772879
"149",1026,"mabdita","3",425.528964445742,253.467040936249,283.298845254356,469.45435298311,18.2713995720259,540.167296023801,577.377998864454,48.0583917690912
"150",1026,"mabdita","4",450.005779829137,425.417600519644,473.162078422217,520.409968651784,42.8517097024681,547.794475544548,550.473104929788,4.47430220255668
"151",1026,"mabdita","5",467.581091798398,645.768147679657,764.113802695914,539.896105874987,54.7770781744497,494.80982615306,446.545467271556,66.3104611127217
"152",1026,"mabdita","6",745.020493129545,757.713979181344,881.868861640135,895.493206906688,8.06450930544634,465.42276820493,453.93364784202,7.51658633341878
"153",1026,"mabdita","7",897.118180646962,897.816429772196,989.35208277023,986.269778140077,-3.07080366753325,440.918306734576,487.361165430311,-6.06683956133126
"154",1026,"mabdita","8",353.575709491657,415.701370251273,709.0987721962,726.452088873963,562.74912565111,609.078051583655,518.623686708986,472.131945658389
"155",1026,"mabdita","12",568.778012873152,564.22448235198,646.117415639136,660.412404816836,34.3599806014098,492.792111103007,510.072801074776,24.4246273510253
"156",1026,"mabdita","13",660.755227045161,687.019576883002,765.199492788565,737.373788741815,41.296415318904,488.145938594861,480.894935226226,8.62433666350192
"157",1026,"mabdita","16",1014.51890840556,1403.66087412039,1477.54050605165,1065.29256423415,9.55510071413709,695.504204724683,686.651104094161,13.065765039773
"158",1027,"mscalaris","1",8.91150590626561,-0.490531405151156,124.362963810712,90.3935795511647,8.62141622470766,504.654764760614,507.605619994845,20.1603512617327
"159",1027,"mscalaris","2",146.069811674559,175.39556568896,283.504957745938,202.282230667148,-2.97659985253439,526.346588565651,552.582786996215,6.16114704331163
"160",1027,"mscalaris","3",477.944198638393,348.178087761659,400.844036703008,522.522406323135,-11.0332861210113,507.528027656304,528.925581236981,2.54227185035417
"161",1027,"mscalaris","4",513.300788016955,554.033428996637,598.527745587834,565.819091500439,-17.3384308062202,479.941370774421,476.875317365481,-14.7315858577468
"162",1027,"mscalaris","5",512.580368219638,851.803341840099,945.348871133095,586.983633071162,-6.35425054821787,545.835480823646,512.648677452311,-14.5661341598261
"163",1027,"mscalaris","6",852.146424008206,844.139263730319,937.347078374794,936.672707552313,5.49077563617489,545.507250105149,522.214948613612,8.51085315781125
"164",1027,"mscalaris","7",958.770201771669,953.40995756465,1003.9982489325,1003.62075354434,13.2485702626068,500.62306159621,495.211135836344,4.57319099267949
"165",1027,"mscalaris","8",546.686665366552,565.938536324806,832.924030795608,692.481237008935,479.651676387707,528.737730594927,537.621885164849,458.778888496872
"166",1027,"mscalaris","12",708.437440500073,633.50529786892,740.39908947059,783.314110522611,-22.5063367472554,446.938442479793,477.565897155495,-4.08529187278224
"167",1027,"mscalaris","13",794.285956132132,752.104812442087,826.095778421285,841.095112597819,-6.23273789937571,468.30514533506,515.182701603568,7.64241013681159
"168",1027,"mscalaris","16",999.788019150361,1297.26966617771,1370.80038469721,1033.17076782719,9.08433538344837,626.227532200744,619.343625443407,20.7893992667358
"169",1028,"mscalaris","1",8.62807043705932,9.88343910668225,155.499660531106,139.764837507372,10.1606660622884,490.914779312686,528.196335244918,22.4121418612645
"170",1028,"mscalaris","2",171.847832861396,178.142515133757,308.19179316214,283.679227220029,25.5067812398677,537.123953132,575.945902419275,33.3806479707849
"171",1028,"mscalaris","3",546.604188906261,372.098747461225,420.843092829396,579.744997670927,27.1903070984149,553.261710351946,574.206238732457,23.8982762503459
"172",1028,"mscalaris","4",546.604188906261,572.231597865524,621.317647212006,601.621255352978,27.1903070984149,545.128584997398,543.824645018441,31.1101022779768
"173",1028,"mscalaris","5",550.343688774478,824.13376787913,956.191845046535,609.871432254004,25.1477659001386,563.795435418182,549.922977779133,11.7550372913224
"174",1028,"mscalaris","6",823.728810428413,852.467225294849,948.259743873288,908.676159028692,40.4670884337112,564.57170702674,537.304276397492,22.6975838236951
"175",1028,"mscalaris","7",917.127586904802,936.201298524648,1008.60885141419,987.607114111281,13.8238400904658,524.299044113977,496.099055514617,-2.61931629594935
"176",1028,"mscalaris","8",549.661970575935,562.688686878079,859.819889510312,761.232761137547,549.30282949698,593.197662495526,586.358572298305,536.245000350825
"177",1028,"mscalaris","12",661.44675789386,629.541568282822,706.49144167882,718.976586982944,33.0237655592692,528.971417748022,530.416207229719,23.7805651911995
"178",1028,"mscalaris","13",730.069707173203,729.931694620452,804.532822839174,796.029439224032,35.2188364356088,530.62877700345,550.093725012481,41.815258827178
"179",1028,"mscalaris","16",1008.2615679355,1347.16712145196,1446.50802984249,1050.79118408258,2.52036556922596,653.588211880782,664.913898384969,-12.6236166367558
"180",1029,"mscalaris","1",9.79153260039782,0.665242172921959,95.6621853771143,137.487767808039,6.58947705169946,491.982895076496,518.294400418715,22.1034708750648
"181",1029,"mscalaris","2",171.922644823539,116.905861290098,210.2307943011,284.397642068292,32.9592709846463,525.097882392215,549.409068239263,54.9914277008705
"182",1029,"mscalaris","3",583.572798703808,347.215358802935,398.611719564982,616.965868187693,78.8760024798624,556.648517004993,577.863224804877,85.9538902432244
"183",1029,"mscalaris","4",594.555984120793,579.369149286365,645.956413318983,654.91940354562,83.8675057317024,552.624626251304,535.651574196316,79.5196558657217
"184",1029,"mscalaris","5",594.266100782144,842.48712817407,943.38304993121,674.433422691107,89.8021647827291,536.543208015037,506.082767110496,65.3794558224818
"185",1029,"mscalaris","6",873.568029734604,846.381945057981,946.880117599524,940.154006580471,61.392787909592,539.152267164088,525.74244695705,45.1639090845772
"186",1029,"mscalaris","7",948.65872450398,939.030294144732,1000,1000.09737284126,19.7330331468918,518.378587178554,500.000000000002,-4.01385989299941
"187",1029,"mscalaris","8",552.062187590856,576.829192866962,842.417424876053,725.057357020115,559.706607877452,605.115018215248,538.666406722841,509.492625875759
"188",1029,"mscalaris","12",681.879709061241,663.431923393612,741.56020736706,776.639486623626,68.0515845187338,491.499186841155,488.283446992968,78.7230390761057
"189",1029,"mscalaris","13",757.804128835589,760.609676486191,858.762471578481,857.670462897047,70.9900901303212,503.239191345153,525.742475612368,74.050936034509
"190",1029,"mscalaris","16",996.138088591567,1363.66153102909,1440.58520358354,1047.5243711181,-2.33862899132274,609.172044533947,618.632781990697,-16.1201611024002
"191",1030,"mscalaris","1",7.89647445440152,4.15765484177882,85.043401302927,83.6898595295153,4.8435737059412,488.870632934737,514.42862576991,44.7859122974607
"192",1030,"mscalaris","2",107.70695122259,107.411655728145,169.862579563741,172.773547339947,75.3683976613414,526.814791265081,552.7946607777,99.3766510260739
"193",1030,"mscalaris","3",346.933972658713,220.489475201758,248.908701637569,370.218255861349,147.882287127495,515.67532687625,547.23563089249,167.101467887938
"194",1030,"mscalaris","4",378.010120191784,346.601955547976,397.83768513066,436.614605109097,144.17006725599,548.032331279856,554.815482950209,130.625083381813
"195",1030,"mscalaris","5",363.784319672042,853.021133711731,940.648157829504,470.459657022873,145.869418802743,518.237558936547,495.846537427715,99.5656736313842
"196",1030,"mscalaris","6",776.411513838349,853.021133711731,948.068412494051,890.853729811311,85.3918875533782,518.237558936547,510.017376178796,23.6570348279305
"197",1030,"mscalaris","7",905.775159188577,941.37162331394,998.925820884053,1012.98103836326,33.6927233288699,493.046062487951,476.867554163425,2.37507510867136
"198",1030,"mscalaris","8",323.932515816882,321.459460214833,856.448066504731,683.708616755512,544.843315470433,573.306651985576,534.263702074742,497.945263703058
"199",1030,"mscalaris","12",590.424059313356,641.985840338934,744.792591048139,684.947623868982,108.351400125777,491.887800448951,509.823052239887,103.907821927797
"200",1030,"mscalaris","13",699.204441147664,765.794297419183,832.026672215794,773.044766812723,105.801606699604,499.960057245879,520.251830811386,82.0613404083346
"201",1030,"mscalaris","16",990.73148061372,1457.16350361632,1514.74338517637,1055.03379099853,1.32113967243392,503.755712887685,484.615792905282,-38.1909785757954
"202",1031,"mscalaris","1",-7.66013991856487,-6.99525054326148,85.6448673274889,77.8594275437641,1.72016180441643,484.988304737988,511.563551680801,22.4523609776454
"203",1031,"mscalaris","2",108.752541216773,126.699698281202,193.001374796864,175.85088126777,23.5286679415406,540.234977705107,556.721540380295,37.9509453710945
"204",1031,"mscalaris","3",359.152928275931,274.98876540831,326.83095007922,403.054818122992,73.3636774665813,549.259245960681,564.572841453022,73.0115652643411
"205",1031,"mscalaris","4",402.980868578466,440.278463829538,482.715775690241,469.334845824633,75.0770185448558,529.425577952909,537.389583307475,81.8369796680497
"206",1031,"mscalaris","5",397.480654886506,847.42482021032,928.354372248753,498.317784859139,74.8620017771804,514.920584149365,474.163663301752,51.680364550827
"207",1031,"mscalaris","7",953.759576314874,946.81884166476,1003.40072283403,1000.19203918002,7.31136969439857,489.085235122914,479.87272618309,-15.2340206907221
"208",1031,"mscalaris","8",406.408128143132,421.797762626744,847.302794666118,700.40454236478,528.677541889844,573.139521765882,521.626993320785,470.014752389892
"209",1031,"mscalaris","12",704.91889333931,659.51021498609,730.033237528805,802.234336196005,35.8005598927492,447.147840818666,478.928678204553,36.9641049985432
"210",1031,"mscalaris","13",811.08476245095,742.095514634193,813.994946162161,865.158273096307,41.5557921457469,475.450522721946,505.532379425757,36.9323372569612
"211",1031,"mscalaris","16",987.74743813727,1271.71739244336,1301.61668165116,1012.55244871626,-6.88769816267975,460.854370635778,442.1321825333,-14.887109401974
"212",1032,"mscalaris","1",-0.134761315531519,3.8338831322454,106.674799031918,88.643155126509,2.09476070768413,495.861595112516,521.078823909114,16.2364049339712
"213",1032,"mscalaris","2",129.377085105473,142.780554804193,211.279016813108,208.790395313621,32.5695145251512,522.817983597063,535.096097119626,50.2925554874252
"214",1032,"mscalaris","3",441.960306262622,306.589872345774,361.364559685146,466.831629789575,62.4418699540161,531.863462514087,544.933156378059,68.9736378283241
"215",1032,"mscalaris","4",463.433298429069,492.078774642399,544.283072902083,517.395553904173,62.1872441229293,510.610181914668,509.346678631485,56.1526704953232
"216",1032,"mscalaris","5",442.582122995603,861.649906736807,945.75543643414,532.59766502296,40.9457425623158,489.953952042687,473.145771911332,18.6724187861531
"217",1032,"mscalaris","6",867.088304923997,869.271542698268,938.120167240282,937.179966510674,34.4700891435472,486.088880740652,477.018003660327,18.6599761676486
"218",1032,"mscalaris","7",948.230952977653,953.443521584133,1007.01294657313,1007.33893983095,13.0618027861812,473.956487949661,453.858895160965,-5.91361049161087
"219",1032,"mscalaris","8",447.143260558751,461.217416556773,876.956478615252,766.63113719414,524.248285186774,553.752074647606,493.926986450367,451.93779153557
"220",1032,"mscalaris","12",691.413088809842,680.205653430734,766.63113719414,764.292775005291,21.5668558695253,426.68692137048,451.93779153557,21.3191744356116
"221",1032,"mscalaris","13",775.274142841435,770.392045192993,842.54312950134,833.926815871749,15.757434300298,459.29512278872,480.909894670404,27.2767296060894
"222",1033,"mscalaris","1",-0.244377317090575,8.7996148796167,100.957530411916,86.8999205987852,3.59879468788811,507.381262036832,531.113087306,24.2813731905661
"223",1033,"mscalaris","2",123.65799685315,119.99279052056,192.359550266218,200.267235201997,28.0984659687436,529.124179769088,539.439761238587,47.2744123322888
"224",1033,"mscalaris","3",463.712858923389,256.795835560733,313.777471788381,498.374574388194,82.2545899421042,534.682086179237,557.334801747187,108.456345573039
"225",1033,"mscalaris","4",484.551641325969,477.342966615929,527.864611887844,530.176934772669,58.974859874821,514.835779370805,506.745783830609,65.8965434250099
"226",1033,"mscalaris","5",490.169271695187,860.930714537098,953.345540912591,554.814262232032,76.8556402881336,510.965792496045,503.678764262468,35.4616524280356
"227",1033,"mscalaris","6",862.271019607016,882.01494004297,935.429682294174,925.3713056476,40.5124274034266,512.813734663506,506.470107078947,26.3625751520523
"228",1033,"mscalaris","7",936.158671196135,935.727780827026,1000.14155775686,992.709966293458,18.1902615982895,498.482702850546,495.988955370144,6.770768652188
"229",1033,"mscalaris","8",426.75844771382,415.087800275591,885.367710506555,684.687863358812,530.577804686844,563.407939734476,517.436847367285,488.633600639828
"230",1033,"mscalaris","12",681.941541539243,714.47295914206,792.645683837,773.221577326462,27.6056220933764,436.794819217706,468.65509754543,33.3062100214413
"231",1033,"mscalaris","13",783.570048639261,785.657772188169,843.876939906825,828.048403704389,30.9670660239358,469.380490521058,497.858130853547,33.5920782743377
"232",1033,"mscalaris","16",1045.3502402894,1478.37035889535,1536.45324959367,1070.4575207824,18.1444751310418,724.865801363866,735.919312156291,11.8989323305124
"233",1034,"mscalaris","1",-0.89982161454041,57.84376343687,132.101007826649,101.23391539078,7.85685389135893,491.522621915278,507.821045633382,12.7540095549798
"234",1034,"mscalaris","3",403.552919132834,292.6921889197,314.90850325475,451.3644405802,45.8481394094896,501.651377477621,504.291254994088,53.1761722644516
"235",1034,"mscalaris","4",464.72902377193,492.611443852249,533.70659381076,522.243507736101,50.0616362523252,483.457303933866,481.069798271248,53.7552120949912
"236",1034,"mscalaris","5",454.874960910292,877.230106033823,948.095523327244,537.540506623001,51.1312093818495,511.115463006774,493.490745462104,35.5354094520649
"237",1034,"mscalaris","6",931.93359289328,869.527581444418,937.956469245111,983.016754915878,9.03636116053023,502.937261069019,501.82342272991,12.3024137243837
"238",1034,"mscalaris","8",465.043472442024,438.686275029184,853.806953983824,754.353256481885,477.618013668361,509.104860178148,508.22525557328,447.246788999461
"239",1034,"mscalaris","12",752.581172186647,753.118935782041,816.384163527834,799.750784113349,13.0995034304404,434.875429548913,457.558109501504,30.783355382185
"240",1034,"mscalaris","13",835.13607498838,810.949231903202,849.361339251588,878.274110089082,21.2253464594273,473.865635818192,498.023727997061,20.558353177134
"241",1035,"mscalaris","1",3.6111967541724,6.39054693124441,111.813454010786,97.9431452903901,-5.44610782562791,493.234679302959,520.31469199536,4.38604680198403
"242",1035,"mscalaris","2",118.211154940875,155.772160747889,247.566672479532,180.152577750117,4.94453993741736,528.725500884091,553.920602866293,14.6686045174969
"243",1035,"mscalaris","3",423.773872646669,302.542796613284,332.273737583577,461.731767780888,15.0839258093287,524.982842122213,543.010246249056,21.7911994680635
"244",1035,"mscalaris","4",468.896602145081,515.655336757885,547.542587416642,522.423560816137,0.573747169361619,514.743232318088,513.421751543286,-2.92247440046142
"245",1035,"mscalaris","5",446.30902734819,833.460199396804,926.951833551652,545.502526681492,7.83726489069191,536.651750958662,519.902581589889,-48.569438901196
"246",1035,"mscalaris","6",871.195477877472,859.237238718976,932.176570867682,939.633796941629,23.4383790375365,542.354362985752,532.718251661073,11.2402867455008
"247",1035,"mscalaris","7",977.617460721308,938.874343949195,988.076594214746,1004.06787666623,1.42748383182642,515.558169704287,492.25930743301,-5.69619841723662
"248",1035,"mscalaris","8",470.693252131144,455.220994601935,847.412223068106,688.105802568776,504.307094719295,539.449876051802,546.664614499341,489.915501983947
"249",1035,"mscalaris","12",758.136991677715,672.574571509407,753.861837845079,809.962096734431,-78.0927245181701,463.806335588281,507.26695548431,-31.0253768733942
"250",1035,"mscalaris","13",829.342571477768,763.858458846378,824.754377457646,868.62893090506,-20.5148297892322,498.704246343798,527.396655545758,-1.44703891563667
"251",1035,"mscalaris","16",1019.27544606281,1259.31405879483,1295.0744686256,1035.42603564297,0.254245270531381,658.808276102197,661.993385767333,2.19433485201974
"252",1036,"mscalaris","1",-1.85116512315885,12.5887001719643,134.023694530563,116.925187543427,-1.7755417846003,494.458460150056,517.660759235958,15.7859661016097
"253",1036,"mscalaris","2",137.795093358991,168.873392302058,256.735341447744,239.103910756491,33.9364864377102,524.53632039746,559.217795129337,43.0567414816912
"254",1036,"mscalaris","3",495.263050890815,334.777369627739,389.937872360637,533.730549338276,45.0900959180948,551.625454195931,563.167503767395,51.8102142355596
"255",1036,"mscalaris","4",523.761810746675,529.353442008308,570.955716094733,568.39558077948,34.8913584219113,529.693267089109,532.964143341908,26.8029899733947
"256",1036,"mscalaris","5",509.708570042689,860.62249785268,946.332186404074,591.726847101733,43.9146170389781,539.845911198738,509.175397301842,18.9632571631653
"257",1036,"mscalaris","6",865.174933589449,877.328224226063,931.061459211774,919.327334452625,39.4500951436201,531.501162190856,520.909600859115,37.0984090376424
"258",1036,"mscalaris","7",945.733356446618,952.961134413933,1008.26016885629,989.294750657421,29.4714208996436,511.722539706217,496.537971662842,3.38310968743908
"259",1036,"mscalaris","8",497.333794348719,512.530409346657,864.880772569162,688.148831526372,535.506905243708,568.358851912992,542.038675699386,510.76289861135
"260",1036,"mscalaris","12",699.880406500724,658.734238705372,731.060785613333,774.278372363663,44.3079097671801,514.026459538068,520.313659009683,44.7664991972849
"261",1036,"mscalaris","13",795.669853183126,751.041270627853,814.985084695892,847.144544758931,46.0309108010519,507.878337938693,529.869648959148,52.8627171447069
"262",1036,"mscalaris","16",1008.33951330096,1340.78701866631,1404.42894977996,1037.40659465049,-3.69492741199099,694.176551097766,691.342177520762,-20.6630437987255
"263",1037,"mscalaris","1",-6.30362638426385,9.11196039025454,131.208296308535,138.015855262224,-3.16383479649286,499.277287815282,508.839179366893,23.3050099986478
"264",1037,"mscalaris","2",169.503757580908,173.455409571775,254.68175316831,238.777624529382,32.4324611795214,526.552552401099,535.052625003665,62.1544294043105
"265",1037,"mscalaris","3",518.287496625599,325.140613269922,367.229654314714,557.224875918933,77.2955352861431,527.745271891043,528.944646734646,93.6458259195543
"266",1037,"mscalaris","4",571.498464284482,519.286191689058,564.05689972654,614.658675232298,68.7573092706753,509.329308486367,515.890797562894,71.2702840645396
"267",1037,"mscalaris","5",544.276397192526,861.831438413127,939.956595924899,621.622113085188,75.0192450579885,532.659182452646,510.901528793281,59.7681788842072
"268",1037,"mscalaris","6",868.18381183912,875.717140661503,936.42673310629,925.179637299106,46.409735869548,531.005351085233,518.572725600607,26.06484023428
"269",1037,"mscalaris","7",948.447481094205,954.186850187987,1001.46482626955,989.76881027153,21.3915740444751,502.80807556609,496.916252216762,2.581093907193
"270",1037,"mscalaris","8",491.890993770092,485.488935635475,865.495813872833,716.484162005667,516.180730675052,535.055163874877,536.267071811234,503.393557031881
"271",1037,"mscalaris","12",709.267575349895,691.222076912505,772.603526410141,776.654299091139,50.4252754562379,505.46475052446,511.354623636078,52.743046140472
"272",1037,"mscalaris","13",802.155712478822,791.277087440608,841.868660206575,843.999967286634,50.5113083871348,498.772617773059,524.000197083656,61.4252409216021
"273",1037,"mscalaris","16",1012.52682782428,1278.98443166493,1326.75531146012,1059.01492082547,6.42425362958619,618.516004606,614.69323344393,-2.91194230177859
"274",1038,"mscalaris","1",6.02385883418744,-4.05103711571113,78.848199497314,94.5463992171686,3.42627864313375,489.366915161381,500.817165592229,21.7321106896931
"275",1038,"mscalaris","2",153.089161469127,111.367733425881,176.86838614658,225.065707684711,40.5113010968034,499.257683775372,508.314503402684,38.7939350325582
"276",1038,"mscalaris","3",510.38624375001,238.127723948971,286.496647692894,540.38828143001,59.0881293836374,496.549083937161,503.261129104478,68.6178883654331
"277",1038,"mscalaris","4",528.406150932195,431.076805309218,470.852807965527,567.371812144885,76.8138274721697,490.687340408638,496.239003428009,100.039937947251
"278",1038,"mscalaris","5",518.592078688647,904.900720819871,961.8119770844,585.908197640763,52.7778505045657,507.472149712603,498.796228960977,22.3268858759942
"279",1038,"mscalaris","6",878.29452213731,927.693504013791,964.626097750205,922.580638601771,53.9448338714846,502.346409737358,499.193647023968,40.1684384216085
"280",1038,"mscalaris","7",961.788324013172,976.68553453055,1020.17465517741,995.02440887326,22.8803986016122,498.801917970529,494.451726597555,4.48546795363611
"281",1038,"mscalaris","8",411.693792528564,406.373603915411,920.679176074685,924.879820019213,485.92410147701,505.671965466364,520.067857269543,501.949641661118
"282",1038,"mscalaris","12",713.7391097971,786.342589554879,863.064260370994,786.156730528127,13.4825206379726,523.905429147267,516.111409883022,24.5199462608396
"283",1038,"mscalaris","13",815.729602755855,831.805792961279,893.136378259826,862.489961501168,54.6470452169631,488.824925902367,499.562077920024,61.744107765816
"284",1038,"mscalaris","16",1032.38770487309,1349.98357012382,1403.80543760683,1075.27917908757,2.35519661364886,688.073657450057,683.823581650518,-22.7702100883201
