"","m1x1","m1x2","m1x3","m1x4","m1y1","m1y2","m1y3","m1y4","m2x1","m2x2","m2x3","m2x4","m2y1","m2y2","m2y3","m2y4","m3x1","m3x2","m3x3","m3x4","m3y1","m3y2","m3y3","m3y4","m4x1","m4x2","m4x3","m4x4","m4y1","m4y2","m4y3","m4y4","m5x1","m5x2","m5x3","m5x4","m5y1","m5y2","m5y3","m5y4","m6x1","m6x2","m6x3","m6x4","m6y1","m6y2","m6y3","m6y4","m7x1","m7x2","m7x3","m7x4","m7y1","m7y2","m7y3","m7y4","m8x1","m8x2","m8x3","m8x4","m8y1","m8y2","m8y3","m8y4","species"
"1",145.246350244885,-7.74571203578491,117.866645630017,314.019121473607,27.4456974449309,468.294196076679,538.010508898153,42.4526134082113,285.472261589262,206.2677605828,312.98199312691,383.409508295746,33.4868802229586,534.609569520199,528.145292491387,40.0209386682645,427.351546346146,330.18966419517,432.566588173969,510.199059451791,-14.2402548503099,525.119068597441,572.875031774781,3.11328961940641,499.471196587215,472.67338994188,635.207989678219,600.215491707595,11.4011776335616,481.280708844531,479.393902978992,10.2998263953089,505.759891000036,794.803229036017,830.514222003636,564.554502818899,8.58010461551557,453.009631103851,403.504838116366,2.44274119037073,772.965581330191,824.860936928163,942.634235937111,914.877146344986,-73.1329004021209,449.345890658505,503.250011774746,-21.9100244050522,966.103022519893,936.478877530207,991.987451320002,1005.59665150165,6.84186086875491,494.55882125559,525.838677642663,9.89948730097443,490.012355448009,586.012876688945,886.973869417364,756.699481979817,487.607670652217,537.047651426736,483.625878091429,427.792269959025,"dmelanogaster"
"2",77.9011370534026,-6.14618855737781,62.8519673926043,182.083262310546,-10.4659673190968,477.410630186381,508.231060900143,-20.3788100190505,245.218217989157,146.039705633572,263.530114745638,341.960058098694,-31.8217336265812,494.004731381857,499.361553983873,-42.5345635044978,422.071770221761,301.791237536292,368.745715239423,496.561843804596,-8.49780993678376,500.476887949503,533.572412234597,2.86987478139222,495.172140502358,477.237340663874,586.278802718182,574.452226244321,9.59035621757987,510.048718746756,523.585699851818,-1.47883196739536,520.783704111138,696.939658330249,786.316362138066,583.119501685913,23.9200977269819,441.030386787823,443.246825847253,10.1724344715629,798.409220541881,770.503536825707,895.439674421348,919.520436065337,-74.7741089405403,442.183705288026,477.423700482297,-16.625347543507,930.562928306127,899.623398531878,951.703832936334,1001.27959596773,-2.10595401258957,471.988582238981,500.38581435487,30.6897621419124,477.237340663874,563.019149679444,775.522711523769,699.673436239513,510.048718746756,552.128430315599,470.985662766017,426.001152600855,"dmelanogaster"
"3",126.894202493717,-9.54656406110915,71.262125789999,242.161611941984,0.631011762793205,443.827194633615,536.54162452888,100.13827234446,247.799567136128,125.182017924883,285.11483857056,384.980220788691,129.070592582808,518.064524346834,549.466291649377,195.17430916747,408.842347512442,289.32355138905,398.056215492258,484.208612130559,106.317537204556,530.506530719684,559.391481722762,77.6340729682401,491.163365284986,436.250940305376,574.752290996791,561.088195726576,80.3576314402912,511.114430434443,538.20153680756,87.1496044747805,510.884282322111,729.538902900073,762.64722598511,560.616572711278,100.860666219972,481.528297050932,425.118571160662,74.0151951937866,713.217488136593,755.621963159778,892.516984830035,865.725067983029,8.56616525013509,448.053634451434,492.875833619696,-9.59190543985486,881.152504176913,890.160410727799,983.795377454918,967.91058890062,-20.5018606251064,466.085133021613,507.808643194472,1.80303277600655,461.047043047995,558.178207940717,764.224823201388,705.648173644135,510.241021935647,566.149119192944,506.681416983955,428.281815036251,"dmelanogaster"
"4",124.404789985639,-16.3549857690522,72.3216889924801,303.445458288433,8.29501928240528,447.372992495457,507.040807798905,55.9009747592449,329.105275045844,202.754943181124,334.577845637373,420.709500509584,42.7953338150825,574.080945234976,590.78117354537,48.146956959532,441.109231492931,354.688738032268,436.78277179318,510.480935897793,10.4392520888513,579.280087290805,625.561645195031,1.51968715992936,484.4530798406,551.619910967397,650.889928168148,602.942229715204,25.1506495000656,579.228298781627,533.445807957529,23.4132432556542,577.686462208705,749.708189773376,802.725779560406,600.087000564263,94.6259893786511,484.76705604583,462.410300609577,58.6263947368439,768.081345392852,760.001030105949,873.083316836099,896.54261726302,-66.7878035224336,462.450222680688,502.787625229881,-19.6129384321589,896.898783180326,869.275886287416,936.10938690591,956.095654928623,-23.0907672059414,500.970342865195,526.181058183856,-12.9561870144629,545.124516539141,594.049097145398,766.756510056564,759.066015599505,556.050176289648,618.43045545992,540.054388192289,472.213669700249,"dmelanogaster"
"5",140.400471822582,-13.7785102730285,114.836183730057,311.634771111017,24.5396792017212,465.273006056032,539.55213369425,26.2526976676226,298.896002251024,218.298315860654,318.851350358863,402.664929615738,30.2369122508673,531.248628759089,515.365199185255,30.2558322665439,428.757319769132,325.398618668254,446.785885794693,517.029432115212,-16.5655527551361,522.365453698986,573.172773524399,7.37365113333578,509.794996027455,486.986467602705,652.396863965649,614.544613014627,11.955595088008,481.188591346145,498.343797818163,31.4429551336752,514.899900738052,795.794887976404,839.496823898822,577.131011374375,14.243864796068,447.153333037539,421.419853721853,10.7875657922104,783.321205024975,830.351207314471,943.134125593993,912.350982385579,-68.209874428984,451.045430543667,502.661059853635,-7.2618544819171,969.937033006909,910.500378209995,987.346450729996,1004.12221023635,18.1859184217794,491.714507072539,534.890596355676,23.4025223615538,498.731582958559,588.299028524481,871.611700430834,773.951925046612,490.587390052578,524.201747564317,481.88006427707,431.190873632784,"dmelanogaster"
"6",177.900998843418,-5.53454094560799,73.8488677854902,318.067921946694,3.14826502646437,491.235339981653,540.585823115961,2.03224069428722,319.235973433296,176.753870836421,308.224263930504,435.072767874393,7.98859221005125,500.180150304957,532.766804819253,4.10509487786664,524.74884334837,327.557835636883,428.205710834374,581.203664346677,-25.5654070875976,520.599307370799,563.667916269342,-11.5819324213727,562.222394771102,508.237756277525,645.140023046015,666.512640585593,-0.314302885282143,529.361006581826,550.746870638503,6.52472035797449,617.279787631452,765.220931499635,837.822321917213,652.992748728647,27.149221957939,449.874202866022,480.625894452867,12.8617313046376,851.998024853629,843.24303465002,908.988509504564,929.407978763637,-39.3255663287714,481.029436012905,495.802118725994,-10.9819598507069,936.913320556498,908.632681432968,943.921685776295,993.30928118861,-15.1691109125798,493.30805204324,503.251635633468,9.55613830999551,571.70720728936,618.629677242049,828.49959403972,754.7806403294,538.62961951484,557.4833837937,481.502455223489,444.344779122737,"dmelanogaster"
"7",87.7636990668014,-8.28295235464526,56.3538749248387,219.57967786012,-5.8295031302234,483.114714621085,521.475991014295,1.44129605716026,236.106430136989,113.16202459784,228.214175011474,318.466261395169,-1.65772956865123,513.077521733592,514.814099211111,12.6242932554681,414.820091740689,237.076311693864,327.876552746096,468.305923971259,18.9910033948028,504.131290817092,533.526981975365,28.3944485793784,444.293647896886,437.939869693103,542.548214401429,552.518407304757,28.5322981797827,490.887330299512,505.416402967553,29.0686283488098,481.849928467033,703.12389663377,761.098251675051,532.02325534415,50.2990425519912,453.508934654568,452.017075809024,45.6226757151468,752.57665426696,722.607203194569,855.664829242137,892.190891464378,-5.93982240800104,455.341507334577,486.396761510372,18.0636111878921,913.467114953968,859.71121761424,970.609303055621,998.91400377024,10.7383887828173,475.189681003943,497.229998358599,18.3728172408989,466.211604901791,519.088056029096,765.532051731909,679.729704484127,482.017037102192,514.749524550268,480.217606623103,430.492848538802,"dsantomea"
"8",109.723566768225,-22.5251477129618,34.29385888656,205.030605587481,-17.8944468289777,459.46708595312,506.127663761302,20.0250605848149,222.815231811677,88.7726370387083,206.401545984835,304.072303102458,14.0250886799716,492.955383117155,505.033835827909,43.3024954769513,393.665314868436,227.995261664148,302.050084061384,464.859984513863,24.0959206971773,479.745523091387,508.490819161246,37.7314301781384,422.8471018137,411.928076278285,531.765889141863,543.534691343137,29.5535443887313,503.833659404729,532.283061287738,51.8015098441148,463.328431186797,654.760787276375,747.532995875233,537.597878837733,55.7237447767014,443.739788435207,490.914164182964,65.232742626608,735.350408095773,730.901376297847,896.029233080576,899.352646560939,14.6205961487223,465.932906515977,509.710637148754,15.0328832687995,901.42807862079,902.653983746512,988.491198740814,998.11733048099,10.397790116794,502.999889250945,497.540988557271,8.58166177954549,439.139482448533,453.33597830592,731.550272613826,658.996675801609,499.142484577416,548.853450915554,482.559750933363,439.357025721755,"dsantomea"
"9",106.02576414096,-2.80089178662296,52.7838445881783,214.789425566248,-35.4385370330281,472.54389759377,509.561884705004,-27.3688026701455,226.697201901353,122.196989664178,230.886809482845,319.302361274458,-34.8039093865849,514.123535905809,528.216411506874,-25.9897084779891,435.269498532225,236.248539961329,317.711380947728,490.472135387006,-18.5592144074353,509.410700093764,535.666161014416,10.9061783155542,487.432308270006,464.419920802558,569.75072782208,567.700591159277,19.3774643277156,497.908594024591,518.626562266732,20.7514796868907,494.504386820907,741.424774337814,768.564038422261,536.915729268422,20.7371062641558,463.816950452884,446.436589978238,2.47144635449008,778.219777573778,785.581563500124,895.417012441021,903.495834321099,-38.6650284932124,528.820329393707,592.717300474922,-1.86868838225709,904.428889448447,894.457992413833,977.679668482344,987.823273462976,3.37316862723224,560.858827986658,589.061100130299,26.5931465383746,488.496342624586,509.381268260304,774.129332119526,749.858392876764,494.254373586944,535.48491631652,490.721362797997,406.823929023374,"dsantomea"
"10",96.8958583598273,7.57772009527865,92.9141199611348,201.771742409407,-20.5985084277712,508.400382581894,533.132781381418,-27.519065200836,218.77561843906,129.712666792269,249.908207524205,312.803174588883,-14.7365773261435,538.435004645265,559.406923162833,-3.437986134156,449.134710179766,291.377164206184,395.969828332121,491.930512800983,6.68727929408844,530.387118065915,549.84956607454,19.8863209600579,480.879261379158,481.367343203865,632.533474393382,575.793105071143,46.8977039474911,522.301500832925,542.729714299121,26.2800660223763,496.101323784399,740.57946025698,831.663792372974,561.048544841719,51.2164936773121,467.228704183122,484.764678846821,36.3316163415091,783.180923592765,802.706272736624,918.3981138518,905.797420315833,-16.4193075589174,484.834941232303,496.671124393874,3.31537087844734,905.828271056776,906.386587395517,1007.0681970702,999.390806077076,14.7549338064779,482.811243028892,505.299777035604,8.62547441720584,512.934389370535,590.962535998573,831.663792372974,727.291554681701,518.918861370276,553.346602135084,484.764678846821,447.467329518637,"dsantomea"
"11",89.2352840818601,-23.3423920629513,31.9926230406624,185.655219765255,7.48813492609087,434.559361701203,477.662069375439,27.4292818658172,233.415887196833,64.9972550755499,192.959373059558,334.795008600747,10.9030171893888,519.068949557117,559.35923202747,17.3985037534896,425.229787084027,218.963204842516,279.904402757069,488.339469460916,-12.9641370914153,551.392690153126,563.51045904434,23.2515875595556,481.615162960089,419.545223679796,526.051379892047,592.753173826378,37.1326400932487,537.31579536723,533.609091892858,35.2602928434174,482.967457943462,676.355369026738,753.652486183947,556.53260658638,23.6075516832979,476.951237322913,488.842062740866,26.8359928187603,773.532133526145,726.571727098531,858.820832802106,897.365309396078,-23.1172715024862,479.984740184472,512.169191672182,-28.7535288184743,892.50507605535,860.048596222258,951.652928596655,1003.81541825724,-14.5779835683035,489.863885170661,493.972557948154,-13.6834251416832,420.078581526363,450.22524367736,738.238043450777,663.603269688715,542.088742611911,586.394842031129,494.33842015039,450.282770630943,"dsantomea"
"12",1.75029993436434,-2.46218192606096,90.9340654112576,80.6854373010747,7.48730844785385,494.499276669863,492.629257657737,6.28604135415316,82.0609231188838,131.492272335705,216.279376752615,121.867674776398,13.0891205246275,507.673600600905,525.826366787461,3.012823527438,260.868403213238,210.823739670897,257.679659531542,294.4528250864,1.98995730652974,502.241997345878,526.330087424484,-1.5429058994821,304.547322176925,319.15268271077,388.460568449482,357.438394435472,-13.8978551956995,478.267475280695,487.210073138355,-23.7437965248723,247.940715488411,651.761488157063,811.053093022112,334.337111839847,-21.3034797530571,476.392419173033,496.99398669109,-66.8770324924739,807.780009796931,764.746433365646,926.698305713389,905.248772415986,21.1706753218486,468.316040768101,522.741591187276,13.6693226127508,916.447091447958,932.708478251136,1017.05697181438,986.785071151775,21.1115059292411,527.902081529296,544.507252647029,11.1549893122374,320.711215089257,301.916447765093,711.613988989093,712.128520579103,490.408140957049,539.094419275924,521.334972256975,472.58843170958,"mabdita"
"13",18.8740330336052,-27.536597872968,104.00629133978,115.643971112273,9.9589942766224,478.909532196411,497.527330691762,15.267065315675,149.547264692016,136.66136321345,193.238850353475,195.874307662987,28.5167649162864,514.690558422757,514.875460490133,27.4405637647292,353.181942376064,164.704323470623,249.482042110292,418.12562979247,51.2601631631746,518.814447378121,525.095346800176,55.0236567045716,415.069169190576,374.986150357527,425.165466926099,474.093351570168,54.9502987667971,501.461490299328,503.656272058781,60.7495948324529,400.909611504608,713.467318708044,792.669435511881,492.638006709813,59.0075902426233,459.152351242353,483.381301992334,50.2360946075098,797.872251527034,802.452218523037,896.761813228408,862.082801034221,14.1911775812717,489.346984756407,497.61974003154,11.5240909147603,890.687215789866,905.137509086584,1001.27778453123,1006.72093136943,7.92845855044389,497.654647816495,478.510136309516,-10.6845087063213,355.19721331528,336.585302947071,805.70838004493,732.394661659796,493.353657049294,521.344733538182,491.332639211386,467.220304460764,"mabdita"
"14",38.2955307055883,19.6154972704807,82.8091226941788,169.196558590227,15.7619249974598,443.310312552756,477.03875080997,13.7955408533309,210.795343724834,164.265762093151,225.692275430792,265.117737045243,23.6230137343748,523.359135979482,531.418926014095,26.5606538335194,470.433433573255,238.591442444021,283.081863190746,517.705732116791,47.9315029148372,524.308278495553,542.787812580144,43.1529292691118,508.888634626293,387.158942679315,472.686068468646,559.352731636598,63.7096347880632,526.205492625501,514.441242578091,52.983323007681,483.424642581299,724.68812504708,848.693898083844,564.182051357353,94.4227826568353,482.522383017502,417.947141764993,35.6481890656477,807.879133373984,767.658224308482,889.412702470958,896.53480104766,39.0644888952686,512.634994231259,491.332085512641,10.4622874850187,919.333113978363,898.778199752904,990.050033531903,1012.49511221329,22.1722890997747,438.591443511232,432.003902411601,-6.86341359470064,387.926433232321,393.881482119583,829.764620482675,781.1955162107,529.012009635059,568.848603949437,506.177317469248,473.780591809112,"mabdita"
"15",13.8508678808774,-3.70606834299524,164.706440734691,129.336286633151,5.46655765257145,510.427287398862,520.274896294822,10.3753602240196,157.453926435134,164.689591754907,255.264486619737,228.230602208039,18.977898198045,522.807117345228,533.579810516894,15.0937278909145,399.701597811325,288.081611567284,353.905718266124,446.417764544076,11.0571351873544,514.873038407809,533.456944819206,-11.7927742196759,457.344402383634,460.309424506469,530.587898268966,548.034627011855,3.98863469809997,468.624954590997,468.831078737229,7.61642432937218,457.360018088681,710.098741482502,784.262942235751,544.399712126273,6.43570707231665,480.750582553393,416.130596934796,8.06028419501389,746.374035753968,774.321660772391,895.651004179795,895.321901459285,18.125869375543,484.369391385833,471.677172220464,20.1134121563195,925.081614962295,907.620649883756,1007.68498595259,1000.46296509547,11.5284779578133,491.269395123075,499.206457829817,15.008910932793,456.735032283207,453.342053112927,744.832640999672,762.744317375123,486.881373859914,535.897598211837,523.751249115831,472.636858457151,"mabdita"
"16",6.28390983723151,1.49308494877886,113.05305623567,130.238137316099,8.70778027795547,492.348523718682,519.955832616105,29.4685039875958,152.257291654038,116.612060032278,172.200500169866,200.349813174446,33.8912734197309,528.245167547363,542.230937117672,27.4510889893607,344.571582758131,189.438348650136,228.13644664048,401.143999282783,77.6791717921215,534.554149689646,553.158390662914,75.2198712005105,384.463276312442,321.07597424184,374.777337459909,442.313007677065,79.6680159813218,553.678447263865,549.73299508403,84.3200712292485,390.01449231015,655.368152875785,824.488621177072,499.614302322214,78.1877076930503,525.65822055344,541.047570826446,74.7178040614949,788.861818237201,805.752065009382,892.608505320212,898.087445512318,40.6126638955563,535.683591190086,544.427142347468,47.1829947047656,901.20477063777,889.087007861585,993.55606643306,980.018089647532,45.4350641021056,538.813319618939,499.391963983622,-0.744368947190567,298.297563787468,278.214761699049,786.26100991162,590.530493124831,541.493769736748,576.354842068596,557.921401621615,517.400947222307,"mabdita"
"17",17.1259604097885,-1.1094315171226,56.7834256411334,106.199564436197,6.32977428867633,494.925469716463,513.360437442207,33.2074189608691,131.104905177677,24.0710566809068,73.076116872435,178.754185062633,37.5594730765234,522.352924971151,534.971113339995,53.9257113533486,334.720349244561,181.617040988033,236.308597569729,380.757412438964,99.1977799369572,513.831424210109,529.571237093561,102.610537881211,352.543246917009,242.963490363996,286.97227288891,418.963189335973,105.759937890432,505.036250733418,524.732095539652,87.0011080227516,367.346005372656,741.480916368891,838.919919153424,440.349889212726,77.9841721288577,509.01424251693,502.859575114452,9.1359880926496,822.130011385231,845.031996021893,915.971121011571,909.324484533873,26.7362858275638,490.249088385391,497.158021921127,18.8658561443281,911.52143579465,929.886027563066,1019.11519795356,991.937431179708,29.9813705032713,501.171185922675,507.203473881532,5.00480525135087,261.210624794195,273.527106646761,836.607482239732,825.708929576689,534.688394717725,573.801202366435,534.271861191403,501.561430839035,"mabdita"
"18",2.47113840029396,3.26057669546323,79.7352536429951,96.147707225136,-5.82132729384563,499.746346239819,500.806830102863,-2.39186022189547,100.450488935507,101.77549489749,132.504043321577,147.885358036386,-1.34237392299204,492.082462893589,494.505293123303,-15.4487269390642,280.772383833049,164.778936721824,200.740108729962,335.593351735241,72.3643692492322,499.41971305633,516.766360347908,96.6234351537106,337.814722942068,293.040323998266,358.955198917229,386.481675989857,47.626794589061,471.962065992464,472.075388974253,54.0817304230744,361.342238566687,674.376456028529,763.742218645287,445.373461945551,72.5866061440517,525.200068648937,447.063654757993,19.6935603496014,710.195677352953,742.615485488672,871.141467294126,840.014422929033,-89.997480268196,506.216286168949,489.525940645027,-54.1731078402762,846.151349240586,873.358199317452,990.947710036174,1017.7058283962,-27.4405396445406,482.677449536093,514.463943744876,18.3406002405095,271.891916352038,276.158826548871,726.501896613402,725.25919766979,499.546635757423,530.24603450383,554.376104831878,503.946295517868,"mabdita"
"19",-0.279094869750494,-0.560545504230569,143.610794944765,122.417435639072,-2.07517274154798,495.740704426589,531.627818417331,-14.5574637472625,136.074837920574,155.517638343336,211.801247545543,191.740146478336,14.7992474849978,531.814950348917,554.270264825815,13.7426167842587,348.088726855555,245.1225000553,285.887115039872,391.644089890002,-19.1546009152578,527.787267405987,548.964717397524,-15.4045443333226,404.160333590833,359.644828868122,405.544070805554,472.352102569817,-4.70661733303442,486.604141297882,490.559165477748,-12.3370270373969,386.798711057139,631.586765886375,749.480203339329,482.90788290389,-11.5951688528375,540.288956794374,472.45902873247,-108.059779246836,783.892687128205,766.826832823843,929.372418477192,912.737365848928,26.0795890099116,501.06513614631,510.653608769194,78.632943008987,925.583778958218,942.209774075733,1002.00717641999,980.140968079725,53.9433210955712,505.993413882829,491.424360743451,7.76717322970425,327.172564498326,313.36696417771,647.325906709928,530.842713348067,497.090915232362,544.42978183493,601.787583971952,493.614141203165,"mabdita"
"20",4.13274712690421,3.33830017536004,161.998561017943,158.227500417763,3.76684052065899,501.725489285512,526.232301184375,20.0372869244834,169.767188679386,167.482208221405,231.401367136057,234.84366066248,38.2629508514787,505.853071885365,513.447754860452,47.4347552259426,348.407669662468,279.197719388851,316.276593254846,380.850417283518,55.1919893896179,514.199031084841,517.75991214958,55.5952738771732,393.289527141688,444.067451517807,517.594577821535,464.394456674717,65.2104389331877,482.159791841754,474.831354243021,49.6885385172935,410.372008369855,662.29599723235,782.47737538362,498.307198196793,56.393443383091,496.404966412016,473.200051653991,52.2635056158477,803.750518532737,749.111136890224,904.317975844433,922.610478440943,19.2943288678632,511.926245469068,508.348008602354,16.5712571996596,938.022306159991,906.183179692665,1009.89721766456,989.694201649899,19.4486723921403,488.645409824652,497.16157700866,3.65059605427669,444.478734236753,437.729675494749,738.253777870576,593.065538117722,494.577269592834,536.292947301365,521.154084673645,469.441271589943,"mabdita"
"21",6.34185994644361,5.9868663229263,135.338434534508,132.825363596333,-0.519160892741489,499.923518619542,555.137939643999,14.7372769574923,163.315242899114,148.042171346863,206.284471349321,212.132750601163,15.5516610950121,535.22185632539,563.325518849185,-4.40435183772879,425.528964445742,253.467040936249,283.298845254356,469.45435298311,18.2713995720259,540.167296023801,577.377998864454,48.0583917690912,450.005779829137,425.417600519644,473.162078422217,520.409968651784,42.8517097024681,547.794475544548,550.473104929788,4.47430220255668,467.581091798398,645.768147679657,764.113802695914,539.896105874987,54.7770781744497,494.80982615306,446.545467271556,66.3104611127217,745.020493129545,757.713979181344,881.868861640135,895.493206906688,8.06450930544634,465.42276820493,453.93364784202,7.51658633341878,897.118180646962,897.816429772196,989.35208277023,986.269778140077,-3.07080366753325,440.918306734576,487.361165430311,-6.06683956133126,353.575709491657,415.701370251273,709.0987721962,726.452088873963,562.74912565111,609.078051583655,518.623686708986,472.131945658389,"mabdita"
"22",8.91150590626561,-0.490531405151156,124.362963810712,90.3935795511647,8.62141622470766,504.654764760614,507.605619994845,20.1603512617327,146.069811674559,175.39556568896,283.504957745938,202.282230667148,-2.97659985253439,526.346588565651,552.582786996215,6.16114704331163,477.944198638393,348.178087761659,400.844036703008,522.522406323135,-11.0332861210113,507.528027656304,528.925581236981,2.54227185035417,513.300788016955,554.033428996637,598.527745587834,565.819091500439,-17.3384308062202,479.941370774421,476.875317365481,-14.7315858577468,512.580368219638,851.803341840099,945.348871133095,586.983633071162,-6.35425054821787,545.835480823646,512.648677452311,-14.5661341598261,852.146424008206,844.139263730319,937.347078374794,936.672707552313,5.49077563617489,545.507250105149,522.214948613612,8.51085315781125,958.770201771669,953.40995756465,1003.9982489325,1003.62075354434,13.2485702626068,500.62306159621,495.211135836344,4.57319099267949,546.686665366552,565.938536324806,832.924030795608,692.481237008935,479.651676387707,528.737730594927,537.621885164849,458.778888496872,"mscalaris"
"23",8.62807043705932,9.88343910668225,155.499660531106,139.764837507372,10.1606660622884,490.914779312686,528.196335244918,22.4121418612645,171.847832861396,178.142515133757,308.19179316214,283.679227220029,25.5067812398677,537.123953132,575.945902419275,33.3806479707849,546.604188906261,372.098747461225,420.843092829396,579.744997670927,27.1903070984149,553.261710351946,574.206238732457,23.8982762503459,546.604188906261,572.231597865524,621.317647212006,601.621255352978,27.1903070984149,545.128584997398,543.824645018441,31.1101022779768,550.343688774478,824.13376787913,956.191845046535,609.871432254004,25.1477659001386,563.795435418182,549.922977779133,11.7550372913224,823.728810428413,852.467225294849,948.259743873288,908.676159028692,40.4670884337112,564.57170702674,537.304276397492,22.6975838236951,917.127586904802,936.201298524648,1008.60885141419,987.607114111281,13.8238400904658,524.299044113977,496.099055514617,-2.61931629594935,549.661970575935,562.688686878079,859.819889510312,761.232761137547,549.30282949698,593.197662495526,586.358572298305,536.245000350825,"mscalaris"
"24",9.79153260039782,0.665242172921959,95.6621853771143,137.487767808039,6.58947705169946,491.982895076496,518.294400418715,22.1034708750648,171.922644823539,116.905861290098,210.2307943011,284.397642068292,32.9592709846463,525.097882392215,549.409068239263,54.9914277008705,583.572798703808,347.215358802935,398.611719564982,616.965868187693,78.8760024798624,556.648517004993,577.863224804877,85.9538902432244,594.555984120793,579.369149286365,645.956413318983,654.91940354562,83.8675057317024,552.624626251304,535.651574196316,79.5196558657217,594.266100782144,842.48712817407,943.38304993121,674.433422691107,89.8021647827291,536.543208015037,506.082767110496,65.3794558224818,873.568029734604,846.381945057981,946.880117599524,940.154006580471,61.392787909592,539.152267164088,525.74244695705,45.1639090845772,948.65872450398,939.030294144732,1000,1000.09737284126,19.7330331468918,518.378587178554,500.000000000002,-4.01385989299941,552.062187590856,576.829192866962,842.417424876053,725.057357020115,559.706607877452,605.115018215248,538.666406722841,509.492625875759,"mscalaris"
"25",7.89647445440152,4.15765484177882,85.043401302927,83.6898595295153,4.8435737059412,488.870632934737,514.42862576991,44.7859122974607,107.70695122259,107.411655728145,169.862579563741,172.773547339947,75.3683976613414,526.814791265081,552.7946607777,99.3766510260739,346.933972658713,220.489475201758,248.908701637569,370.218255861349,147.882287127495,515.67532687625,547.23563089249,167.101467887938,378.010120191784,346.601955547976,397.83768513066,436.614605109097,144.17006725599,548.032331279856,554.815482950209,130.625083381813,363.784319672042,853.021133711731,940.648157829504,470.459657022873,145.869418802743,518.237558936547,495.846537427715,99.5656736313842,776.411513838349,853.021133711731,948.068412494051,890.853729811311,85.3918875533782,518.237558936547,510.017376178796,23.6570348279305,905.775159188577,941.37162331394,998.925820884053,1012.98103836326,33.6927233288699,493.046062487951,476.867554163425,2.37507510867136,323.932515816882,321.459460214833,856.448066504731,683.708616755512,544.843315470433,573.306651985576,534.263702074742,497.945263703058,"mscalaris"
"26",-0.134761315531519,3.8338831322454,106.674799031918,88.643155126509,2.09476070768413,495.861595112516,521.078823909114,16.2364049339712,129.377085105473,142.780554804193,211.279016813108,208.790395313621,32.5695145251512,522.817983597063,535.096097119626,50.2925554874252,441.960306262622,306.589872345774,361.364559685146,466.831629789575,62.4418699540161,531.863462514087,544.933156378059,68.9736378283241,463.433298429069,492.078774642399,544.283072902083,517.395553904173,62.1872441229293,510.610181914668,509.346678631485,56.1526704953232,442.582122995603,861.649906736807,945.75543643414,532.59766502296,40.9457425623158,489.953952042687,473.145771911332,18.6724187861531,867.088304923997,869.271542698268,938.120167240282,937.179966510674,34.4700891435472,486.088880740652,477.018003660327,18.6599761676486,948.230952977653,953.443521584133,1007.01294657313,1007.33893983095,13.0618027861812,473.956487949661,453.858895160965,-5.91361049161087,447.143260558751,461.217416556773,876.956478615252,766.63113719414,524.248285186774,553.752074647606,493.926986450367,451.93779153557,"mscalaris"
"27",-0.244377317090575,8.7996148796167,100.957530411916,86.8999205987852,3.59879468788811,507.381262036832,531.113087306,24.2813731905661,123.65799685315,119.99279052056,192.359550266218,200.267235201997,28.0984659687436,529.124179769088,539.439761238587,47.2744123322888,463.712858923389,256.795835560733,313.777471788381,498.374574388194,82.2545899421042,534.682086179237,557.334801747187,108.456345573039,484.551641325969,477.342966615929,527.864611887844,530.176934772669,58.974859874821,514.835779370805,506.745783830609,65.8965434250099,490.169271695187,860.930714537098,953.345540912591,554.814262232032,76.8556402881336,510.965792496045,503.678764262468,35.4616524280356,862.271019607016,882.01494004297,935.429682294174,925.3713056476,40.5124274034266,512.813734663506,506.470107078947,26.3625751520523,936.158671196135,935.727780827026,1000.14155775686,992.709966293458,18.1902615982895,498.482702850546,495.988955370144,6.770768652188,426.75844771382,415.087800275591,885.367710506555,684.687863358812,530.577804686844,563.407939734476,517.436847367285,488.633600639828,"mscalaris"
"28",3.6111967541724,6.39054693124441,111.813454010786,97.9431452903901,-5.44610782562791,493.234679302959,520.31469199536,4.38604680198403,118.211154940875,155.772160747889,247.566672479532,180.152577750117,4.94453993741736,528.725500884091,553.920602866293,14.6686045174969,423.773872646669,302.542796613284,332.273737583577,461.731767780888,15.0839258093287,524.982842122213,543.010246249056,21.7911994680635,468.896602145081,515.655336757885,547.542587416642,522.423560816137,0.573747169361619,514.743232318088,513.421751543286,-2.92247440046142,446.30902734819,833.460199396804,926.951833551652,545.502526681492,7.83726489069191,536.651750958662,519.902581589889,-48.569438901196,871.195477877472,859.237238718976,932.176570867682,939.633796941629,23.4383790375365,542.354362985752,532.718251661073,11.2402867455008,977.617460721308,938.874343949195,988.076594214746,1004.06787666623,1.42748383182642,515.558169704287,492.25930743301,-5.69619841723662,470.693252131144,455.220994601935,847.412223068106,688.105802568776,504.307094719295,539.449876051802,546.664614499341,489.915501983947,"mscalaris"
"29",-1.85116512315885,12.5887001719643,134.023694530563,116.925187543427,-1.7755417846003,494.458460150056,517.660759235958,15.7859661016097,137.795093358991,168.873392302058,256.735341447744,239.103910756491,33.9364864377102,524.53632039746,559.217795129337,43.0567414816912,495.263050890815,334.777369627739,389.937872360637,533.730549338276,45.0900959180948,551.625454195931,563.167503767395,51.8102142355596,523.761810746675,529.353442008308,570.955716094733,568.39558077948,34.8913584219113,529.693267089109,532.964143341908,26.8029899733947,509.708570042689,860.62249785268,946.332186404074,591.726847101733,43.9146170389781,539.845911198738,509.175397301842,18.9632571631653,865.174933589449,877.328224226063,931.061459211774,919.327334452625,39.4500951436201,531.501162190856,520.909600859115,37.0984090376424,945.733356446618,952.961134413933,1008.26016885629,989.294750657421,29.4714208996436,511.722539706217,496.537971662842,3.38310968743908,497.333794348719,512.530409346657,864.880772569162,688.148831526372,535.506905243708,568.358851912992,542.038675699386,510.76289861135,"mscalaris"
"30",-6.30362638426385,9.11196039025454,131.208296308535,138.015855262224,-3.16383479649286,499.277287815282,508.839179366893,23.3050099986478,169.503757580908,173.455409571775,254.68175316831,238.777624529382,32.4324611795214,526.552552401099,535.052625003665,62.1544294043105,518.287496625599,325.140613269922,367.229654314714,557.224875918933,77.2955352861431,527.745271891043,528.944646734646,93.6458259195543,571.498464284482,519.286191689058,564.05689972654,614.658675232298,68.7573092706753,509.329308486367,515.890797562894,71.2702840645396,544.276397192526,861.831438413127,939.956595924899,621.622113085188,75.0192450579885,532.659182452646,510.901528793281,59.7681788842072,868.18381183912,875.717140661503,936.42673310629,925.179637299106,46.409735869548,531.005351085233,518.572725600607,26.06484023428,948.447481094205,954.186850187987,1001.46482626955,989.76881027153,21.3915740444751,502.80807556609,496.916252216762,2.581093907193,491.890993770092,485.488935635475,865.495813872833,716.484162005667,516.180730675052,535.055163874877,536.267071811234,503.393557031881,"mscalaris"
"31",6.02385883418744,-4.05103711571113,78.848199497314,94.5463992171686,3.42627864313375,489.366915161381,500.817165592229,21.7321106896931,153.089161469127,111.367733425881,176.86838614658,225.065707684711,40.5113010968034,499.257683775372,508.314503402684,38.7939350325582,510.38624375001,238.127723948971,286.496647692894,540.38828143001,59.0881293836374,496.549083937161,503.261129104478,68.6178883654331,528.406150932195,431.076805309218,470.852807965527,567.371812144885,76.8138274721697,490.687340408638,496.239003428009,100.039937947251,518.592078688647,904.900720819871,961.8119770844,585.908197640763,52.7778505045657,507.472149712603,498.796228960977,22.3268858759942,878.29452213731,927.693504013791,964.626097750205,922.580638601771,53.9448338714846,502.346409737358,499.193647023968,40.1684384216085,961.788324013172,976.68553453055,1020.17465517741,995.02440887326,22.8803986016122,498.801917970529,494.451726597555,4.48546795363611,411.693792528564,406.373603915411,920.679176074685,924.879820019213,485.92410147701,505.671965466364,520.067857269543,501.949641661118,"mscalaris"
